trial,bytes,hashUs,hmacUs,totalUs
1,320,711.200,330.200,1041.400
2,320,55.400,58.600,114.000
3,320,37.400,31.600,69.000
4,320,99.300,65.200,164.500
5,320,128.200,111.100,239.300
6,320,67.000,65.100,132.100
7,320,89.700,60.100,149.800
8,320,52.500,65.500,118.000
9,320,64.200,57.500,121.700
10,320,62.400,64.500,126.900
11,320,79.400,46.600,126.000
12,320,36.000,35.400,71.400
13,320,32.800,31.300,64.100
14,320,53.400,24.700,78.100
15,320,39.700,45.800,85.500
16,320,27.400,31.600,59.000
17,320,26.400,21.400,47.800
18,320,26.500,20.700,47.200
19,320,25.400,38.900,64.300
20,320,46.500,37.100,83.600
21,320,29.100,22.600,51.700
22,320,35.700,22.400,58.100
23,320,26.700,28.800,55.500
24,320,25.000,27.200,52.200
25,320,24.100,32.300,56.400
26,320,30.200,19.600,49.800
27,320,15.600,13.900,29.500
28,320,15.900,13.700,29.600
29,320,14.900,13.300,28.200
30,320,15.400,13.600,29.000
31,320,16.500,11.700,28.200
32,320,18.000,19.000,37.000
33,320,13.200,11.500,24.700
34,320,25.300,12.900,38.200
35,320,30.300,23.400,53.700
36,320,18.100,14.800,32.900
37,320,14.000,12.000,26.000
38,320,13.400,11.800,25.200
39,320,13.300,11.500,24.800
40,320,30.900,14.100,45.000
41,320,13.100,11.600,24.700
42,320,13.100,11.400,24.500
43,320,13.000,11.200,24.200
44,320,16.500,11.800,28.300
45,320,17.900,11.600,29.500
46,320,14.600,11.300,25.900
47,320,14.700,15.500,30.200
48,320,13.300,11.400,24.700
49,320,12.800,11.100,23.900
50,320,12.800,11.100,23.900
51,320,13.500,11.500,25.000
52,320,18.200,11.600,29.800
53,320,13.200,12.700,25.900
54,320,17.100,11.600,28.700
55,320,13.100,11.400,24.500
56,320,22.700,19.700,42.400
57,320,13.400,11.500,24.900
58,320,13.200,11.100,24.300
59,320,14.600,11.300,25.900
60,320,47.300,12.700,60.000
61,320,14.900,11.600,26.500
62,320,16.400,11.900,28.300
63,320,16.600,12.600,29.200
64,320,14.900,16.700,31.600
65,320,13.600,11.800,25.400
66,320,14.500,11.300,25.800
67,320,13.500,11.400,24.900
68,320,18.300,17.100,35.400
69,320,13.900,11.900,25.800
70,320,13.100,11.000,24.100
71,320,13.400,11.300,24.700
72,320,13.600,15.800,29.400
73,320,16.300,11.400,27.700
74,320,16.700,11.300,28.000
75,320,12.500,11.200,23.700
76,320,12.900,11.200,24.100
77,320,13.700,16.900,30.600
78,320,13.600,11.300,24.900
79,320,26.700,20.600,47.300
80,320,25.300,14.400,39.700
81,320,13.200,12.300,25.500
82,320,12.900,11.600,24.500
83,320,14.200,11.300,25.500
84,320,12.300,11.100,23.400
85,320,12.400,11.300,23.700
86,320,12.300,11.100,23.400
87,320,12.100,11.100,23.200
88,320,12.200,11.000,23.200
89,320,12.200,12.300,24.500
90,320,12.200,11.100,23.300
91,320,12.300,11.300,23.600
92,320,15.800,11.500,27.300
93,320,12.300,11.000,23.300
94,320,12.300,11.300,23.600
95,320,12.100,11.000,23.100
96,320,12.300,10.800,23.100
97,320,12.100,12.700,24.800
98,320,26.500,12.600,39.100
99,320,12.500,11.300,23.800
100,320,19.800,20.500,40.300
101,320,13.300,17.400,30.700
102,320,21.500,25.000,46.500
103,320,19.600,16.400,36.000
104,320,17.100,11.400,28.500
105,320,12.300,11.300,23.600
106,320,13.000,11.000,24.000
107,320,12.100,19.400,31.500
108,320,14.100,11.400,25.500
109,320,12.300,11.000,23.300
110,320,12.400,16.600,29.000
111,320,12.500,14.600,27.100
112,320,16.100,11.200,27.300
113,320,12.300,10.900,23.200
114,320,13.400,11.000,24.400
115,320,13.900,11.200,25.100
116,320,12.400,11.200,23.600
117,320,12.600,11.000,23.600
118,320,12.300,15.000,27.300
119,320,12.300,11.100,23.400
120,320,17.600,11.500,29.100
121,320,12.100,11.100,23.200
122,320,12.300,10.900,23.200
123,320,12.100,10.900,23.000
124,320,12.500,12.800,25.300
125,320,12.300,15.000,27.300
126,320,12.200,10.900,23.100
127,320,12.200,11.000,23.200
128,320,12.200,11.100,23.300
129,320,13.900,11.000,24.900
130,320,12.400,11.000,23.400
131,320,12.200,10.900,23.100
132,320,15.900,12.200,28.100
133,320,14.300,11.500,25.800
134,320,13.000,16.400,29.400
135,320,13.400,11.500,24.900
136,320,12.400,11.000,23.400
137,320,12.400,11.200,23.600
138,320,18.000,21.800,39.800
139,320,12.500,11.300,23.800
140,320,17.100,11.400,28.500
141,320,15.700,11.600,27.300
142,320,14.100,11.200,25.300
143,320,14.000,11.100,25.100
144,320,14.200,11.200,25.400
145,320,13.000,11.200,24.200
146,320,12.500,10.800,23.300
147,320,12.900,12.400,25.300
148,320,17.500,21.900,39.400
149,320,13.000,11.600,24.600
150,320,12.500,11.400,23.900
151,320,16.700,18.700,35.400
152,320,16.100,11.000,27.100
153,320,12.800,11.000,23.800
154,320,12.400,10.900,23.300
155,320,12.300,14.500,26.800
156,320,12.500,10.900,23.400
157,320,16.000,11.600,27.600
158,320,16.100,11.400,27.500
159,320,14.000,13.100,27.100
160,320,24.500,13.900,38.400
161,320,20.900,13.100,34.000
162,320,12.300,11.300,23.600
163,320,12.400,11.200,23.600
164,320,12.300,16.200,28.500
165,320,17.300,15.300,32.600
166,320,12.600,15.900,28.500
167,320,16.200,15.800,32.000
168,320,12.800,11.200,24.000
169,320,28.200,15.400,43.600
170,320,12.700,11.100,23.800
171,320,14.600,11.900,26.500
172,320,12.700,11.500,24.200
173,320,14.400,31.500,45.900
174,320,17.100,13.500,30.600
175,320,15.100,13.600,28.700
176,320,14.000,11.300,25.300
177,320,14.300,11.200,25.500
178,320,12.700,11.300,24.000
179,320,12.400,12.800,25.200
180,320,26.500,11.700,38.200
181,320,16.500,11.100,27.600
182,320,12.800,11.100,23.900
183,320,12.400,15.000,27.400
184,320,16.100,12.800,28.900
185,320,13.500,11.700,25.200
186,320,12.900,11.400,24.300
187,320,12.800,14.100,26.900
188,320,12.500,13.700,26.200
189,320,28.500,15.400,43.900
190,320,18.600,11.800,30.400
191,320,14.100,11.000,25.100
192,320,14.000,10.900,24.900
193,320,15.600,11.000,26.600
194,320,12.600,11.300,23.900
195,320,12.300,10.900,23.200
196,320,12.300,10.900,23.200
197,320,12.500,12.300,24.800
198,320,12.900,11.100,24.000
199,320,12.400,14.400,26.800
200,320,19.900,18.800,38.700
201,320,12.500,10.900,23.400
202,320,14.400,12.400,26.800
203,320,21.500,11.600,33.100
204,320,12.600,10.800,23.400
205,320,14.700,16.700,31.400
206,320,41.200,14.800,56.000
207,320,17.700,13.600,31.300
208,320,14.800,13.200,28.000
209,320,14.800,13.200,28.000
210,320,30.900,11.600,42.500
211,320,12.400,10.800,23.200
212,320,12.300,10.800,23.100
213,320,12.100,14.500,26.600
214,320,16.600,11.000,27.600
215,320,12.300,12.300,24.600
216,320,12.500,10.900,23.400
217,320,12.300,11.000,23.300
218,320,12.200,13.300,25.500
219,320,17.100,13.200,30.300
220,320,18.600,12.800,31.400
221,320,14.000,12.800,26.800
222,320,14.000,10.900,24.900
223,320,16.800,11.400,28.200
224,320,13.700,10.900,24.600
225,320,13.700,11.100,24.800
226,320,13.800,14.800,28.600
227,320,12.500,11.000,23.500
228,320,12.400,10.600,23.000
229,320,12.200,12.700,24.900
230,320,21.100,14.800,35.900
231,320,12.700,11.200,23.900
232,320,12.200,10.600,22.800
233,320,12.300,15.800,28.100
234,320,13.900,10.900,24.800
235,320,12.500,10.800,23.300
236,320,12.500,10.600,23.100
237,320,12.100,10.900,23.000
238,320,12.200,10.900,23.100
239,320,16.100,13.100,29.200
240,320,18.800,17.500,36.300
241,320,13.900,13.900,27.800
242,320,28.600,25.700,54.300
243,320,26.000,22.900,48.900
244,320,24.000,19.600,43.600
245,320,26.500,22.600,49.100
246,320,31.400,25.500,56.900
247,320,30.100,32.000,62.100
248,320,26.800,18.800,45.600
249,320,15.600,14.700,30.300
250,320,15.700,14.400,30.100
251,320,13.900,15.100,29.000
252,320,29.600,18.300,47.900
253,320,14.400,17.400,31.800
254,320,52.500,15.100,67.600
255,320,26.600,14.800,41.400
256,320,21.300,44.000,65.300
257,320,19.000,14.700,33.700
258,320,17.200,14.500,31.700
259,320,24.200,16.300,40.500
260,320,32.600,15.400,48.000
261,320,22.600,19.100,41.700
262,320,21.500,19.200,40.700
263,320,23.600,45.400,69.000
264,320,19.500,22.500,42.000
265,320,18.800,20.900,39.700
266,320,29.500,31.800,61.300
267,320,19.800,11.800,31.600
268,320,12.100,10.700,22.800
269,320,28.700,11.100,39.800
270,320,12.500,24.500,37.000
271,320,836.900,24.100,861.000
272,320,16.400,13.600,30.000
273,320,14.700,12.500,27.200
274,320,12.000,11.100,23.100
275,320,11.700,12.200,23.900
276,320,11.700,11.200,22.900
277,320,13.800,11.300,25.100
278,320,25.000,11.600,36.600
279,320,11.500,10.600,22.100
280,320,17.800,10.700,28.500
281,320,11.600,10.400,22.000
282,320,11.200,10.400,21.600
283,320,11.200,10.200,21.400
284,320,14.800,10.400,25.200
285,320,11.100,10.200,21.300
286,320,11.100,10.200,21.300
287,320,11.400,10.100,21.500
288,320,11.100,10.100,21.200
289,320,11.200,11.700,22.900
290,320,11.100,10.100,21.200
291,320,11.300,10.300,21.600
292,320,11.100,10.000,21.100
293,320,11.200,10.000,21.200
294,320,12.700,10.100,22.800
295,320,11.200,10.300,21.500
296,320,11.000,10.100,21.100
297,320,11.200,10.100,21.300
298,320,11.200,9.900,21.100
299,320,11.100,10.800,21.900
300,320,14.400,10.500,24.900
301,320,11.400,10.300,21.700
302,320,11.200,10.100,21.300
303,320,11.200,12.100,23.300
304,320,14.600,10.400,25.000
305,320,11.200,10.200,21.400
306,320,11.200,11.200,22.400
307,320,11.100,10.600,21.700
308,320,12.800,10.200,23.000
309,320,11.000,10.100,21.100
310,320,11.200,10.500,21.700
311,320,11.000,14.600,25.600
312,320,15.000,10.800,25.800
313,320,15.200,10.400,25.600
314,320,11.100,10.100,21.200
315,320,11.200,10.100,21.300
316,320,11.700,14.200,25.900
317,320,11.100,10.000,21.100
318,320,11.200,10.000,21.200
319,320,11.200,10.000,21.200
320,320,13.300,10.300,23.600
321,320,11.200,10.000,21.200
322,320,13.200,10.400,23.600
323,320,11.200,10.200,21.400
324,320,11.500,10.200,21.700
325,320,11.300,10.200,21.500
326,320,11.500,10.100,21.600
327,320,11.300,10.100,21.400
328,320,15.300,17.400,32.700
329,320,11.200,10.200,21.400
330,320,11.200,10.100,21.300
331,320,11.300,10.100,21.400
332,320,11.400,10.600,22.000
333,320,15.000,10.600,25.600
334,320,11.100,10.200,21.300
335,320,11.300,10.200,21.500
336,320,11.100,12.300,23.400
337,320,11.200,10.300,21.500
338,320,11.300,10.200,21.500
339,320,11.200,10.100,21.300
340,320,13.300,10.500,23.800
341,320,12.800,10.300,23.100
342,320,11.100,10.300,21.400
343,320,11.500,10.200,21.700
344,320,11.200,14.700,25.900
345,320,11.200,10.500,21.700
346,320,11.000,14.400,25.400
347,320,11.600,10.300,21.900
348,320,11.300,10.300,21.600
349,320,11.200,10.300,21.500
350,320,12.400,11.900,24.300
351,320,11.300,10.200,21.500
352,320,11.300,10.200,21.500
353,320,15.100,10.300,25.400
354,320,11.300,10.000,21.300
355,320,12.900,10.100,23.000
356,320,11.100,10.000,21.100
357,320,11.100,10.200,21.300
358,320,11.400,10.200,21.600
359,320,11.100,10.100,21.200
360,320,13.400,14.600,28.000
361,320,14.900,10.400,25.300
362,320,11.200,10.200,21.400
363,320,11.000,10.100,21.100
364,320,11.400,12.000,23.400
365,320,11.200,10.200,21.400
366,320,11.100,10.300,21.400
367,320,11.100,10.100,21.200
368,320,11.200,10.100,21.300
369,320,12.800,10.200,23.000
370,320,13.100,10.900,24.000
371,320,11.400,10.100,21.500
372,320,15.700,10.400,26.100
373,320,11.400,10.000,21.400
374,320,12.100,11.700,23.800
375,320,11.200,9.900,21.100
376,320,10.900,14.200,25.100
377,320,11.200,15.200,26.400
378,320,11.200,12.000,23.200
379,320,11.200,10.100,21.300
380,320,13.500,11.400,24.900
381,320,12.700,18.900,31.600
382,320,11.900,10.500,22.400
383,320,11.200,10.100,21.300
384,320,18.100,10.700,28.800
385,320,11.900,10.400,22.300
386,320,11.400,10.200,21.600
387,320,16.700,22.800,39.500
388,320,11.400,10.400,21.800
389,320,11.200,10.100,21.300
390,320,11.000,10.200,21.200
391,320,11.100,9.900,21.000
392,320,13.000,10.000,23.000
393,320,14.700,10.100,24.800
394,320,11.300,10.000,21.300
395,320,10.900,10.300,21.200
396,320,11.100,10.000,21.100
397,320,11.100,10.100,21.200
398,320,11.200,10.300,21.500
399,320,11.000,10.100,21.100
400,320,13.400,10.100,23.500
401,320,11.100,11.600,22.700
402,320,11.200,9.900,21.100
403,320,11.200,10.100,21.300
404,320,11.300,10.000,21.300
405,320,11.300,10.000,21.300
406,320,12.600,14.000,26.600
407,320,11.000,10.000,21.000
408,320,11.300,10.100,21.400
409,320,11.000,10.000,21.000
410,320,13.500,17.400,30.900
411,320,38.300,32.800,71.100
412,320,16.800,10.600,27.400
413,320,13.100,10.800,23.900
414,320,11.400,13.600,25.000
415,320,17.500,11.700,29.200
416,320,15.300,15.200,30.500
417,320,11.600,11.000,22.600
418,320,11.400,15.000,26.400
419,320,11.100,10.700,21.800
420,320,14.000,15.100,29.100
421,320,12.300,14.700,27.000
422,320,11.200,13.500,24.700
423,320,16.300,9.800,26.100
424,320,10.900,9.600,20.500
425,320,10.900,9.500,20.400
426,320,11.000,9.400,20.400
427,320,10.900,9.600,20.500
428,320,11.100,9.800,20.900
429,320,22.100,9.800,31.900
430,320,12.000,9.500,21.500
431,320,11.000,9.500,20.500
432,320,11.000,11.100,22.100
433,320,11.000,9.600,20.600
434,320,10.900,9.600,20.500
435,320,11.000,9.600,20.600
436,320,10.600,13.300,23.900
437,320,12.600,9.700,22.300
438,320,10.900,9.600,20.500
439,320,11.000,9.500,20.500
440,320,13.000,9.700,22.700
441,320,10.900,9.600,20.500
442,320,10.900,9.600,20.500
443,320,11.000,13.600,24.600
444,320,11.200,9.900,21.100
445,320,10.900,9.800,20.700
446,320,10.800,11.300,22.100
447,320,11.100,9.700,20.800
448,320,11.100,9.600,20.700
449,320,11.200,9.800,21.000
450,320,11.100,9.700,20.800
451,320,11.300,11.100,22.400
452,320,11.000,9.500,20.500
453,320,11.200,9.400,20.600
454,320,15.200,9.900,25.100
455,320,11.000,9.700,20.700
456,320,11.200,9.500,20.700
457,320,11.000,9.500,20.500
458,320,11.000,9.500,20.500
459,320,11.000,9.500,20.500
460,320,17.900,10.100,28.000
461,320,11.200,9.600,20.800
462,320,10.800,9.600,20.400
463,320,11.200,9.800,21.000
464,320,10.900,9.500,20.400
465,320,10.900,11.300,22.200
466,320,11.000,13.100,24.100
467,320,11.000,9.700,20.700
468,320,11.000,9.500,20.500
469,320,10.900,9.600,20.500
470,320,17.700,20.800,38.500
471,320,11.200,9.700,20.900
472,320,10.800,9.700,20.500
473,320,11.100,9.500,20.600
474,320,10.900,9.600,20.500
475,320,11.000,9.500,20.500
476,320,15.600,9.800,25.400
477,320,11.000,9.500,20.500
478,320,11.000,9.700,20.700
479,320,11.000,12.200,23.200
480,320,13.300,14.100,27.400
481,320,11.300,9.800,21.100
482,320,11.000,9.700,20.700
483,320,11.000,9.600,20.600
484,320,11.100,9.700,20.800
485,320,11.000,9.600,20.600
486,320,11.200,9.600,20.800
487,320,11.100,9.500,20.600
488,320,10.900,9.600,20.500
489,320,11.400,9.700,21.100
490,320,11.100,9.500,20.600
491,320,11.000,9.600,20.600
492,320,10.900,18.400,29.300
493,320,14.800,11.500,26.300
494,320,11.000,9.700,20.700
495,320,14.800,9.900,24.700
496,320,11.000,9.500,20.500
497,320,11.200,9.400,20.600
498,320,12.600,9.500,22.100
499,320,42.900,9.600,52.500
500,320,13.200,9.700,22.900
501,320,11.000,9.500,20.500
502,320,10.900,9.700,20.600
503,320,11.100,9.700,20.800
504,320,11.100,9.700,20.800
505,320,11.000,9.500,20.500
506,320,10.800,9.500,20.300
507,320,11.000,11.400,22.400
508,320,11.300,9.800,21.100
509,320,12.500,9.900,22.400
510,320,23.200,12.600,35.800
511,320,72.600,46.500,119.100
512,320,14.800,11.800,26.600
513,320,13.100,10.600,23.700
514,320,13.000,9.800,22.800
515,320,11.700,10.600,22.300
516,320,11.000,9.700,20.700
517,320,11.300,10.100,21.400
518,320,12.000,10.300,22.300
519,320,10.700,9.600,20.300
520,320,14.300,10.500,24.800
521,320,28.000,20.300,48.300
522,320,21.800,10.700,32.500
523,320,13.200,9.900,23.100
524,320,12.000,11.100,23.100
525,320,11.600,10.700,22.300
526,320,10.500,9.800,20.300
527,320,10.900,10.300,21.200
528,320,599.600,17.200,616.800
529,320,14.300,12.600,26.900
530,320,19.100,17.100,36.200
531,320,29.400,29.400,58.800
532,320,24.000,20.000,44.000
533,320,14.900,14.000,28.900
534,320,21.100,14.700,35.800
535,320,25.300,175.200,200.500
536,320,38.100,28.000,66.100
537,320,21.400,18.100,39.500
538,320,84.300,35.200,119.500
539,320,69.300,55.300,124.600
540,320,45.600,21.200,66.800
541,320,58.200,45.700,103.900
542,320,46.900,42.500,89.400
543,320,48.000,53.100,101.100
544,320,37.800,30.000,67.800
545,320,14.500,12.200,26.700
546,320,13.900,11.300,25.200
547,320,19.200,16.600,35.800
548,320,13.400,10.900,24.300
549,320,12.600,10.400,23.000
550,320,12.300,10.200,22.500
551,320,19.000,12.000,31.000
552,320,12.400,10.400,22.800
553,320,12.100,10.600,22.700
554,320,12.500,10.500,23.000
555,320,29.500,22.900,52.400
556,320,21.900,27.900,49.800
557,320,21.400,32.400,53.800
558,320,19.100,16.800,35.900
559,320,34.600,28.800,63.400
560,320,64.900,36.200,101.100
561,320,47.600,43.300,90.900
562,320,58.900,54.700,113.600
563,320,14.300,14.800,29.100
564,320,10.500,8.900,19.400
565,320,9.900,8.600,18.500
566,320,10.000,8.700,18.700
567,320,9.800,8.500,18.300
568,320,9.800,8.400,18.200
569,320,11.000,8.900,19.900
570,320,10.100,8.900,19.000
571,320,9.800,8.600,18.400
572,320,12.300,9.100,21.400
573,320,9.800,8.500,18.300
574,320,10.000,8.500,18.500
575,320,9.800,8.500,18.300
576,320,9.800,10.400,20.200
577,320,10.000,8.400,18.400
578,320,9.800,8.500,18.300
579,320,11.500,9.400,20.900
580,320,16.800,8.900,25.700
581,320,12.300,8.900,21.200
582,320,13.600,8.600,22.200
583,320,9.800,8.900,18.700
584,320,10.000,9.100,19.100
585,320,9.900,8.600,18.500
586,320,10.200,8.600,18.800
587,320,9.800,12.200,22.000
588,320,9.900,8.400,18.300
589,320,10.000,8.400,18.400
590,320,9.900,10.500,20.400
591,320,13.600,8.600,22.200
592,320,10.000,8.500,18.500
593,320,10.200,8.600,18.800
594,320,9.900,8.300,18.200
595,320,11.500,8.700,20.200
596,320,9.900,8.400,18.300
597,320,9.800,9.300,19.100
598,320,9.800,8.500,18.300
599,320,9.900,8.600,18.500
600,320,14.200,9.600,23.800
601,320,10.200,16.600,26.800
602,320,10.200,8.600,18.800
603,320,9.900,8.500,18.400
604,320,9.800,10.200,20.000
605,320,9.800,9.500,19.300
606,320,10.200,9.000,19.200
607,320,11.200,8.600,19.800
608,320,9.700,8.500,18.200
609,320,11.600,8.500,20.100
610,320,10.400,8.700,19.100
611,320,14.000,8.700,22.700
612,320,10.000,8.400,18.400
613,320,9.800,8.600,18.400
614,320,9.900,8.400,18.300
615,320,9.700,8.400,18.100
616,320,9.700,8.400,18.100
617,320,9.700,8.400,18.100
618,320,13.900,15.500,29.400
619,320,9.900,8.600,18.500
620,320,12.200,8.500,20.700
621,320,12.400,9.000,21.400
622,320,10.000,8.500,18.500
623,320,9.700,10.100,19.800
624,320,9.800,8.500,18.300
625,320,9.900,8.400,18.300
626,320,9.800,8.400,18.200
627,320,9.800,8.400,18.200
628,320,11.500,9.500,21.000
629,320,10.000,8.600,18.600
630,320,14.000,12.500,26.500
631,320,10.000,8.500,18.500
632,320,9.800,15.100,24.900
633,320,14.000,8.700,22.700
634,320,10.000,8.500,18.500
635,320,10.000,8.700,18.700
636,320,10.700,8.400,19.100
637,320,10.000,8.500,18.500
638,320,10.000,9.500,19.500
639,320,9.900,8.500,18.400
640,320,12.600,8.800,21.400
641,320,12.000,8.700,20.700
642,320,10.500,8.800,19.300
643,320,10.000,8.400,18.400
644,320,10.200,8.300,18.500
645,320,10.500,8.400,18.900
646,320,10.000,10.100,20.100
647,320,10.100,8.600,18.700
648,320,9.700,8.500,18.200
649,320,9.700,8.400,18.100
650,320,13.800,8.800,22.600
651,320,11.600,8.500,20.100
652,320,9.800,8.900,18.700
653,320,9.800,8.500,18.300
654,320,10.000,8.500,18.500
655,320,9.900,8.500,18.400
656,320,9.900,8.500,18.400
657,320,9.700,8.500,18.200
658,320,10.000,8.400,18.400
659,320,9.800,8.400,18.200
660,320,12.100,14.500,26.600
661,320,10.000,9.000,19.000
662,320,9.900,8.400,18.300
663,320,9.900,8.500,18.400
664,320,10.000,8.500,18.500
665,320,11.400,19.000,30.400
666,320,13.800,8.600,22.400
667,320,10.000,8.300,18.300
668,320,9.900,8.300,18.200
669,320,9.900,8.300,18.200
670,320,13.700,8.500,22.200
671,320,9.900,9.000,18.900
672,320,28.600,9.500,38.100
673,320,10.300,8.600,18.900
674,320,11.400,8.800,20.200
675,320,9.900,8.600,18.500
676,320,9.900,8.900,18.800
677,320,9.700,13.800,23.500
678,320,10.000,12.600,22.600
679,320,10.400,12.400,22.800
680,320,16.400,8.900,25.300
681,320,11.600,9.800,21.400
682,320,10.400,8.300,18.700
683,320,9.900,10.200,20.100
684,320,10.000,8.700,18.700
685,320,21.100,20.200,41.300
686,320,10.200,8.700,18.900
687,320,9.700,8.500,18.200
688,320,11.600,8.700,20.300
689,320,9.900,12.700,22.600
690,320,9.900,8.500,18.400
691,320,9.800,8.500,18.300
692,320,9.600,8.300,17.900
693,320,9.900,8.400,18.300
694,320,9.800,8.400,18.200
695,320,9.700,8.300,18.000
696,320,9.800,8.300,18.100
697,320,9.700,10.000,19.700
698,320,9.700,8.500,18.200
699,320,20.200,16.300,36.500
700,320,12.800,8.700,21.500
701,320,10.100,8.800,18.900
702,320,22.600,9.600,32.200
703,320,20.500,8.800,29.300
704,320,21.300,9.300,30.600
705,320,21.200,8.500,29.700
706,320,21.200,8.900,30.100
707,320,20.600,9.100,29.700
708,320,21.500,8.500,30.000
709,320,21.200,8.600,29.800
710,320,24.300,8.600,32.900
711,320,22.100,8.500,30.600
712,320,20.100,8.500,28.600
713,320,20.200,8.500,28.700
714,320,20.300,8.600,28.900
715,320,21.300,8.300,29.600
716,320,20.100,8.500,28.600
717,320,20.400,8.400,28.800
718,320,21.600,8.500,30.100
719,320,20.000,13.600,33.600
720,320,29.500,8.600,38.100
721,320,10.100,8.400,18.500
722,320,10.800,10.300,21.100
723,320,10.300,8.300,18.600
724,320,10.100,8.300,18.400
725,320,12.200,8.500,20.700
726,320,15.300,19.800,35.100
727,320,11.500,9.200,20.700
728,320,9.900,8.300,18.200
729,320,9.900,8.400,18.300
730,320,9.800,8.400,18.200
731,320,10.100,13.300,23.400
732,320,13.700,8.600,22.300
733,320,10.000,8.300,18.300
734,320,15.300,8.600,23.900
735,320,10.800,8.500,19.300
736,320,11.400,8.500,19.900
737,320,10.000,9.100,19.100
738,320,10.900,8.800,19.700
739,320,10.800,8.400,19.200
740,320,12.700,8.600,21.300
741,320,10.100,8.700,18.800
742,320,10.100,9.300,19.400
743,320,9.900,8.500,18.400
744,320,11.000,9.500,20.500
745,320,13.500,8.800,22.300
746,320,10.900,8.400,19.300
747,320,9.800,9.200,19.000
748,320,14.600,17.200,31.800
749,320,9.800,12.600,22.400
750,320,10.900,10.300,21.200
751,320,14.600,8.600,23.200
752,320,10.200,8.800,19.000
753,320,9.900,8.500,18.400
754,320,24.100,17.800,41.900
755,320,22.500,17.100,39.600
756,320,10.300,8.600,18.900
757,320,10.200,8.700,18.900
758,320,9.900,8.300,18.200
759,320,9.700,8.500,18.200
760,320,12.400,8.600,21.000
761,320,9.900,8.800,18.700
762,320,10.200,8.500,18.700
763,320,12.200,9.200,21.400
764,320,10.700,10.400,21.100
765,320,12.300,16.000,28.300
766,320,19.800,13.800,33.600
767,320,21.600,18.300,39.900
768,320,14.800,15.300,30.100
769,320,9.900,8.000,17.900
770,320,10.800,8.000,18.800
771,320,9.500,7.900,17.400
772,320,9.800,8.000,17.800
773,320,9.600,7.900,17.500
774,320,9.700,7.900,17.600
775,320,9.700,7.800,17.500
776,320,9.900,7.900,17.800
777,320,9.500,8.000,17.500
778,320,9.500,9.600,19.100
779,320,9.600,8.200,17.800
780,320,12.500,8.200,20.700
781,320,9.800,12.300,22.100
782,320,13.300,8.300,21.600
783,320,11.200,7.900,19.100
784,320,9.700,8.000,17.700
785,320,11.800,8.200,20.000
786,320,9.600,8.000,17.600
787,320,23.300,15.500,38.800
788,320,11.400,9.000,20.400
789,320,10.200,8.200,18.400
790,320,10.200,8.000,18.200
791,320,9.700,8.000,17.700
792,320,9.700,7.900,17.600
793,320,9.800,7.900,17.700
794,320,10.700,9.700,20.400
795,320,16.100,10.300,26.400
796,320,10.100,8.300,18.400
797,320,9.600,8.300,17.900
798,320,9.400,7.900,17.300
799,320,9.500,7.900,17.400
800,320,13.800,8.400,22.200
801,320,9.600,7.900,17.500
802,320,9.700,7.900,17.600
803,320,9.700,9.700,19.400
804,320,9.500,8.000,17.500
805,320,11.800,8.300,20.100
806,320,9.800,8.000,17.800
807,320,10.000,8.100,18.100
808,320,11.200,8.400,19.600
809,320,9.600,12.500,22.100
810,320,9.900,12.400,22.300
811,320,9.900,19.000,28.900
812,320,13.500,8.200,21.700
813,320,10.600,8.100,18.700
814,320,9.800,7.800,17.600
815,320,9.400,8.200,17.600
816,320,9.500,7.900,17.400
817,320,9.400,9.600,19.000
818,320,9.500,8.000,17.500
819,320,9.400,8.000,17.400
820,320,15.700,8.200,23.900
821,320,9.600,7.900,17.500
822,320,23.200,8.700,31.900
823,320,9.700,8.000,17.700
824,320,9.500,7.900,17.400
825,320,11.600,7.900,19.500
826,320,9.500,7.900,17.400
827,320,9.600,8.300,17.900
828,320,9.600,7.900,17.500
829,320,9.500,7.900,17.400
830,320,9.700,7.900,17.600
831,320,9.400,9.500,18.900
832,320,11.400,9.000,20.400
833,320,9.700,8.000,17.700
834,320,9.800,7.900,17.700
835,320,9.700,8.000,17.700
836,320,30.700,25.700,56.400
837,320,23.000,15.700,38.700
838,320,19.300,15.400,34.700
839,320,24.500,16.200,40.700
840,320,34.200,18.900,53.100
841,320,35.400,26.000,61.400
842,320,21.700,17.500,39.200
843,320,20.900,18.200,39.100
844,320,32.100,21.900,54.000
845,320,22.200,16.200,38.400
846,320,20.700,17.400,38.100
847,320,28.900,25.200,54.100
848,320,25.400,19.700,45.100
849,320,32.900,25.700,58.600
850,320,22.800,18.400,41.200
851,320,13.500,10.700,24.200
852,320,12.900,10.300,23.200
853,320,12.100,9.100,21.200
854,320,14.000,9.900,23.900
855,320,9.800,8.500,18.300
856,320,9.700,8.300,18.000
857,320,9.600,8.300,17.900
858,320,9.800,13.100,22.900
859,320,17.500,9.600,27.100
860,320,17.600,8.200,25.800
861,320,9.700,8.300,18.000
862,320,10.700,8.100,18.800
863,320,9.800,8.600,18.400
864,320,9.500,7.900,17.400
865,320,9.800,8.100,17.900
866,320,9.900,8.200,18.100
867,320,9.600,7.900,17.500
868,320,14.300,8.300,22.600
869,320,9.600,8.300,17.900
870,320,10.100,8.200,18.300
871,320,9.800,8.200,18.000
872,320,9.900,9.000,18.900
873,320,10.200,10.100,20.300
874,320,10.500,8.500,19.000
875,320,15.000,16.500,31.500
876,320,9.800,8.300,18.100
877,320,10.000,8.200,18.200
878,320,11.800,8.400,20.200
879,320,11.700,8.700,20.400
880,320,13.700,8.600,22.300
881,320,10.600,8.300,18.900
882,320,16.700,10.000,26.700
883,320,10.300,8.200,18.500
884,320,9.700,8.000,17.700
885,320,12.400,8.700,21.100
886,320,9.800,8.100,17.900
887,320,10.000,9.800,19.800
888,320,13.800,8.300,22.100
889,320,9.800,8.100,17.900
890,320,9.600,8.100,17.700
891,320,10.200,13.200,23.400
892,320,11.700,8.100,19.800
893,320,9.700,8.100,17.800
894,320,9.800,8.200,18.000
895,320,9.800,8.100,17.900
896,320,9.900,8.100,18.000
897,320,9.900,8.000,17.900
898,320,9.700,8.400,18.100
899,320,9.800,8.100,17.900
900,320,13.000,8.300,21.300
901,320,10.000,9.900,19.900
902,320,21.900,16.500,38.400
903,320,9.900,8.100,18.000
904,320,9.700,8.100,17.800
905,320,12.000,9.900,21.900
906,320,11.600,8.100,19.700
907,320,9.800,8.000,17.800
908,320,13.900,8.100,22.000
909,320,9.900,8.000,17.900
910,320,9.800,7.900,17.700
911,320,9.700,8.000,17.700
912,320,9.900,8.100,18.000
913,320,9.900,8.000,17.900
914,320,9.800,8.100,17.900
915,320,9.600,8.000,17.600
916,320,9.600,7.900,17.500
917,320,9.900,8.000,17.900
918,320,9.900,8.100,18.000
919,320,9.700,7.800,17.500
920,320,12.500,9.900,22.400
921,320,9.700,8.100,17.800
922,320,9.600,8.000,17.600
923,320,9.700,8.000,17.700
924,320,9.800,17.900,27.700
925,320,13.900,8.400,22.300
926,320,9.800,8.100,17.900
927,320,9.600,7.900,17.500
928,320,13.600,8.300,21.900
929,320,10.900,8.100,19.000
930,320,9.800,8.000,17.800
931,320,9.600,7.900,17.500
932,320,9.600,12.100,21.700
933,320,9.800,7.800,17.600
934,320,9.800,9.700,19.500
935,320,9.700,8.000,17.700
936,320,9.600,13.300,22.900
937,320,10.500,24.400,34.900
938,320,10.500,23.100,33.600
939,320,15.500,8.500,24.000
940,320,12.100,8.300,20.400
941,320,9.600,7.900,17.500
942,320,9.600,8.000,17.600
943,320,9.600,7.800,17.400
944,320,10.600,8.500,19.100
945,320,9.800,8.000,17.800
946,320,9.800,8.100,17.900
947,320,9.600,8.000,17.600
948,320,9.600,10.100,19.700
949,320,9.700,8.000,17.700
950,320,9.700,8.000,17.700
951,320,9.600,7.800,17.400
952,320,9.600,7.900,17.500
953,320,11.100,7.900,19.000
954,320,9.700,7.900,17.600
955,320,9.500,7.900,17.400
956,320,9.700,8.000,17.700
957,320,9.600,18.900,28.500
958,320,13.600,8.400,22.000
959,320,10.000,8.500,18.500
960,320,12.000,8.200,20.200
961,320,9.800,7.900,17.700
962,320,9.600,12.100,21.700
963,320,10.200,8.400,18.600
964,320,9.600,10.400,20.000
965,320,10.300,8.500,18.800
966,320,9.600,8.000,17.600
967,320,9.500,9.500,19.000
968,320,9.500,7.900,17.400
969,320,13.800,8.200,22.000
970,320,9.700,8.200,17.900
971,320,9.700,7.900,17.600
972,320,11.200,7.900,19.100
973,320,9.600,8.000,17.600
974,320,9.600,7.900,17.500
975,320,9.600,8.100,17.700
976,320,9.800,8.000,17.800
977,320,9.700,7.800,17.500
978,320,9.600,8.300,17.900
979,320,11.400,8.300,19.700
980,320,12.100,8.300,20.400
981,320,9.800,9.600,19.400
982,320,9.700,7.900,17.600
983,320,9.600,8.000,17.600
984,320,9.600,10.200,19.800
985,320,21.400,12.500,33.900
986,320,11.500,8.300,19.800
987,320,9.700,8.000,17.700
988,320,9.700,8.000,17.700
989,320,9.500,8.000,17.500
990,320,9.600,12.800,22.400
991,320,13.300,8.100,21.400
992,320,9.800,12.600,22.400
993,320,10.100,8.200,18.300
994,320,9.800,8.100,17.900
995,320,9.600,9.700,19.300
996,320,9.800,8.200,18.000
997,320,9.600,8.100,17.700
998,320,9.600,8.100,17.700
999,320,9.700,7.900,17.600
1000,320,13.800,8.400,22.200
