trial,depositMs,transferMs,fetchMs,verifyMs,commitMs,persistMs,e2eMs,gasUsed,depositExecMs,fetchExecMs,fetchAttempts
1,385.636,4.234,237.321,4.919,12316.780,1.369,12950.402,358791,11.362,4.508,1
2,334.151,2.242,217.424,9.098,10285.266,4.195,10852.496,358791,8.967,5.978,1
3,336.008,12.750,325.334,16.200,15692.977,5.250,16388.951,358779,14.252,6.083,1
4,331.027,9.503,239.673,9.742,5367.720,4.616,5962.630,358779,7.876,5.078,1
5,537.281,5.985,247.784,15.203,14314.106,3.533,15124.106,358791,8.390,5.397,1
6,318.270,6.575,262.186,6.757,13830.806,4.916,14429.690,358791,10.817,4.945,1
7,426.365,6.732,253.704,16.833,14736.624,1.415,15441.987,358779,7.328,6.158,1
8,370.961,12.360,263.047,22.396,8155.848,4.673,8829.670,358779,6.875,5.495,1
9,353.989,4.394,306.530,28.343,14366.868,4.737,15065.033,358779,25.545,4.715,1
10,583.758,6.167,240.305,15.078,9139.736,4.536,9989.897,358779,7.335,4.850,1
11,441.818,6.438,238.582,4.333,9430.962,5.424,10127.724,358791,11.028,6.280,1
12,457.697,5.196,260.903,15.801,6584.930,5.413,7330.036,358767,6.578,4.395,1
13,236.182,1.541,213.843,6.079,9657.551,1.226,10116.493,358779,6.340,4.229,1
14,338.266,3.213,223.627,5.195,12586.082,1.995,13158.450,358791,6.637,4.626,1
15,487.362,5.620,246.249,4.477,7903.458,1.324,8648.691,358791,9.637,4.433,1
16,276.639,3.659,229.345,7.549,9447.251,4.943,9969.486,358779,6.806,4.756,1
17,430.380,3.022,234.325,10.584,14160.943,1.344,14840.741,358791,7.123,4.023,1
18,377.230,2.155,246.625,4.580,4623.590,1.341,5255.582,358791,7.301,4.646,1
19,408.211,7.302,236.978,8.099,7253.349,4.770,7918.985,358779,6.928,5.214,1
20,316.205,7.845,250.586,18.063,9326.797,4.878,9924.621,358767,10.457,4.603,1
